,albedo,normal,depth,mask,face,light
0,0003/000060_albedo_3_5.png,0003/000060_normal_3_5.png,0003/000060_depth_3_5.png,0003/000060_mask_3_5.png,0003/000060_face_3_5.png,0003/000060_light_3_5.txt
1,0003/000055_albedo_3_5.png,0003/000055_normal_3_5.png,0003/000055_depth_3_5.png,0003/000055_mask_3_5.png,0003/000055_face_3_5.png,0003/000055_light_3_5.txt
2,0003/000046_albedo_3_3.png,0003/000046_normal_3_3.png,0003/000046_depth_3_3.png,0003/000046_mask_3_3.png,0003/000046_face_3_3.png,0003/000046_light_3_3.txt
3,0003/000050_albedo_2_4.png,0003/000050_normal_2_4.png,0003/000050_depth_2_4.png,0003/000050_mask_2_4.png,0003/000050_face_2_4.png,0003/000050_light_2_4.txt
4,0003/000044_albedo_3_2.png,0003/000044_normal_3_2.png,0003/000044_depth_3_2.png,0003/000044_mask_3_2.png,0003/000044_face_3_2.png,0003/000044_light_3_2.txt
5,0003/000042_albedo_3_4.png,0003/000042_normal_3_4.png,0003/000042_depth_3_4.png,0003/000042_mask_3_4.png,0003/000042_face_3_4.png,0003/000042_light_3_4.txt
6,0003/000044_albedo_2_1.png,0003/000044_normal_2_1.png,0003/000044_depth_2_1.png,0003/000044_mask_2_1.png,0003/000044_face_2_1.png,0003/000044_light_2_1.txt
7,0003/000049_albedo_2_1.png,0003/000049_normal_2_1.png,0003/000049_depth_2_1.png,0003/000049_mask_2_1.png,0003/000049_face_2_1.png,0003/000049_light_2_1.txt
8,0003/000050_albedo_3_1.png,0003/000050_normal_3_1.png,0003/000050_depth_3_1.png,0003/000050_mask_3_1.png,0003/000050_face_3_1.png,0003/000050_light_3_1.txt
9,0003/000054_albedo_1_2.png,0003/000054_normal_1_2.png,0003/000054_depth_1_2.png,0003/000054_mask_1_2.png,0003/000054_face_1_2.png,0003/000054_light_1_2.txt
10,0003/000055_albedo_2_1.png,0003/000055_normal_2_1.png,0003/000055_depth_2_1.png,0003/000055_mask_2_1.png,0003/000055_face_2_1.png,0003/000055_light_2_1.txt
11,0003/000046_albedo_1_4.png,0003/000046_normal_1_4.png,0003/000046_depth_1_4.png,0003/000046_mask_1_4.png,0003/000046_face_1_4.png,0003/000046_light_1_4.txt
12,0003/000060_albedo_2_2.png,0003/000060_normal_2_2.png,0003/000060_depth_2_2.png,0003/000060_mask_2_2.png,0003/000060_face_2_2.png,0003/000060_light_2_2.txt
13,0003/000043_albedo_3_1.png,0003/000043_normal_3_1.png,0003/000043_depth_3_1.png,0003/000043_mask_3_1.png,0003/000043_face_3_1.png,0003/000043_light_3_1.txt
14,0003/000046_albedo_2_1.png,0003/000046_normal_2_1.png,0003/000046_depth_2_1.png,0003/000046_mask_2_1.png,0003/000046_face_2_1.png,0003/000046_light_2_1.txt
15,0003/000048_albedo_3_1.png,0003/000048_normal_3_1.png,0003/000048_depth_3_1.png,0003/000048_mask_3_1.png,0003/000048_face_3_1.png,0003/000048_light_3_1.txt
16,0003/000052_albedo_1_1.png,0003/000052_normal_1_1.png,0003/000052_depth_1_1.png,0003/000052_mask_1_1.png,0003/000052_face_1_1.png,0003/000052_light_1_1.txt
17,0003/000050_albedo_2_5.png,0003/000050_normal_2_5.png,0003/000050_depth_2_5.png,0003/000050_mask_2_5.png,0003/000050_face_2_5.png,0003/000050_light_2_5.txt
18,0003/000047_albedo_1_2.png,0003/000047_normal_1_2.png,0003/000047_depth_1_2.png,0003/000047_mask_1_2.png,0003/000047_face_1_2.png,0003/000047_light_1_2.txt
19,0003/000046_albedo_3_4.png,0003/000046_normal_3_4.png,0003/000046_depth_3_4.png,0003/000046_mask_3_4.png,0003/000046_face_3_4.png,0003/000046_light_3_4.txt
20,0003/000045_albedo_2_4.png,0003/000045_normal_2_4.png,0003/000045_depth_2_4.png,0003/000045_mask_2_4.png,0003/000045_face_2_4.png,0003/000045_light_2_4.txt
21,0003/000049_albedo_1_5.png,0003/000049_normal_1_5.png,0003/000049_depth_1_5.png,0003/000049_mask_1_5.png,0003/000049_face_1_5.png,0003/000049_light_1_5.txt
22,0003/000051_albedo_1_4.png,0003/000051_normal_1_4.png,0003/000051_depth_1_4.png,0003/000051_mask_1_4.png,0003/000051_face_1_4.png,0003/000051_light_1_4.txt
23,0003/000053_albedo_3_4.png,0003/000053_normal_3_4.png,0003/000053_depth_3_4.png,0003/000053_mask_3_4.png,0003/000053_face_3_4.png,0003/000053_light_3_4.txt
24,0003/000047_albedo_1_5.png,0003/000047_normal_1_5.png,0003/000047_depth_1_5.png,0003/000047_mask_1_5.png,0003/000047_face_1_5.png,0003/000047_light_1_5.txt
25,0003/000055_albedo_2_5.png,0003/000055_normal_2_5.png,0003/000055_depth_2_5.png,0003/000055_mask_2_5.png,0003/000055_face_2_5.png,0003/000055_light_2_5.txt
26,0003/000057_albedo_2_3.png,0003/000057_normal_2_3.png,0003/000057_depth_2_3.png,0003/000057_mask_2_3.png,0003/000057_face_2_3.png,0003/000057_light_2_3.txt
27,0003/000060_albedo_3_3.png,0003/000060_normal_3_3.png,0003/000060_depth_3_3.png,0003/000060_mask_3_3.png,0003/000060_face_3_3.png,0003/000060_light_3_3.txt
28,0003/000052_albedo_2_1.png,0003/000052_normal_2_1.png,0003/000052_depth_2_1.png,0003/000052_mask_2_1.png,0003/000052_face_2_1.png,0003/000052_light_2_1.txt
29,0003/000049_albedo_3_1.png,0003/000049_normal_3_1.png,0003/000049_depth_3_1.png,0003/000049_mask_3_1.png,0003/000049_face_3_1.png,0003/000049_light_3_1.txt
30,0003/000047_albedo_2_1.png,0003/000047_normal_2_1.png,0003/000047_depth_2_1.png,0003/000047_mask_2_1.png,0003/000047_face_2_1.png,0003/000047_light_2_1.txt
31,0003/000056_albedo_3_4.png,0003/000056_normal_3_4.png,0003/000056_depth_3_4.png,0003/000056_mask_3_4.png,0003/000056_face_3_4.png,0003/000056_light_3_4.txt
32,0003/000054_albedo_2_2.png,0003/000054_normal_2_2.png,0003/000054_depth_2_2.png,0003/000054_mask_2_2.png,0003/000054_face_2_2.png,0003/000054_light_2_2.txt
33,0003/000058_albedo_3_5.png,0003/000058_normal_3_5.png,0003/000058_depth_3_5.png,0003/000058_mask_3_5.png,0003/000058_face_3_5.png,0003/000058_light_3_5.txt
34,0003/000053_albedo_2_5.png,0003/000053_normal_2_5.png,0003/000053_depth_2_5.png,0003/000053_mask_2_5.png,0003/000053_face_2_5.png,0003/000053_light_2_5.txt
35,0003/000045_albedo_2_1.png,0003/000045_normal_2_1.png,0003/000045_depth_2_1.png,0003/000045_mask_2_1.png,0003/000045_face_2_1.png,0003/000045_light_2_1.txt
36,0003/000042_albedo_2_4.png,0003/000042_normal_2_4.png,0003/000042_depth_2_4.png,0003/000042_mask_2_4.png,0003/000042_face_2_4.png,0003/000042_light_2_4.txt
37,0003/000052_albedo_3_3.png,0003/000052_normal_3_3.png,0003/000052_depth_3_3.png,0003/000052_mask_3_3.png,0003/000052_face_3_3.png,0003/000052_light_3_3.txt
38,0003/000044_albedo_2_5.png,0003/000044_normal_2_5.png,0003/000044_depth_2_5.png,0003/000044_mask_2_5.png,0003/000044_face_2_5.png,0003/000044_light_2_5.txt
39,0003/000055_albedo_1_4.png,0003/000055_normal_1_4.png,0003/000055_depth_1_4.png,0003/000055_mask_1_4.png,0003/000055_face_1_4.png,0003/000055_light_1_4.txt
40,0003/000048_albedo_1_5.png,0003/000048_normal_1_5.png,0003/000048_depth_1_5.png,0003/000048_mask_1_5.png,0003/000048_face_1_5.png,0003/000048_light_1_5.txt
41,0003/000046_albedo_2_2.png,0003/000046_normal_2_2.png,0003/000046_depth_2_2.png,0003/000046_mask_2_2.png,0003/000046_face_2_2.png,0003/000046_light_2_2.txt
42,0003/000049_albedo_3_2.png,0003/000049_normal_3_2.png,0003/000049_depth_3_2.png,0003/000049_mask_3_2.png,0003/000049_face_3_2.png,0003/000049_light_3_2.txt
43,0003/000049_albedo_3_3.png,0003/000049_normal_3_3.png,0003/000049_depth_3_3.png,0003/000049_mask_3_3.png,0003/000049_face_3_3.png,0003/000049_light_3_3.txt
44,0003/000054_albedo_1_3.png,0003/000054_normal_1_3.png,0003/000054_depth_1_3.png,0003/000054_mask_1_3.png,0003/000054_face_1_3.png,0003/000054_light_1_3.txt
45,0003/000041_albedo_1_5.png,0003/000041_normal_1_5.png,0003/000041_depth_1_5.png,0003/000041_mask_1_5.png,0003/000041_face_1_5.png,0003/000041_light_1_5.txt
46,0003/000055_albedo_3_2.png,0003/000055_normal_3_2.png,0003/000055_depth_3_2.png,0003/000055_mask_3_2.png,0003/000055_face_3_2.png,0003/000055_light_3_2.txt
47,0003/000047_albedo_1_1.png,0003/000047_normal_1_1.png,0003/000047_depth_1_1.png,0003/000047_mask_1_1.png,0003/000047_face_1_1.png,0003/000047_light_1_1.txt
48,0003/000047_albedo_3_5.png,0003/000047_normal_3_5.png,0003/000047_depth_3_5.png,0003/000047_mask_3_5.png,0003/000047_face_3_5.png,0003/000047_light_3_5.txt
49,0003/000042_albedo_3_1.png,0003/000042_normal_3_1.png,0003/000042_depth_3_1.png,0003/000042_mask_3_1.png,0003/000042_face_3_1.png,0003/000042_light_3_1.txt
50,0003/000053_albedo_2_1.png,0003/000053_normal_2_1.png,0003/000053_depth_2_1.png,0003/000053_mask_2_1.png,0003/000053_face_2_1.png,0003/000053_light_2_1.txt
51,0003/000048_albedo_1_1.png,0003/000048_normal_1_1.png,0003/000048_depth_1_1.png,0003/000048_mask_1_1.png,0003/000048_face_1_1.png,0003/000048_light_1_1.txt
52,0003/000042_albedo_2_1.png,0003/000042_normal_2_1.png,0003/000042_depth_2_1.png,0003/000042_mask_2_1.png,0003/000042_face_2_1.png,0003/000042_light_2_1.txt
53,0003/000052_albedo_2_2.png,0003/000052_normal_2_2.png,0003/000052_depth_2_2.png,0003/000052_mask_2_2.png,0003/000052_face_2_2.png,0003/000052_light_2_2.txt
54,0003/000051_albedo_3_1.png,0003/000051_normal_3_1.png,0003/000051_depth_3_1.png,0003/000051_mask_3_1.png,0003/000051_face_3_1.png,0003/000051_light_3_1.txt
55,0003/000058_albedo_1_3.png,0003/000058_normal_1_3.png,0003/000058_depth_1_3.png,0003/000058_mask_1_3.png,0003/000058_face_1_3.png,0003/000058_light_1_3.txt
56,0003/000054_albedo_3_1.png,0003/000054_normal_3_1.png,0003/000054_depth_3_1.png,0003/000054_mask_3_1.png,0003/000054_face_3_1.png,0003/000054_light_3_1.txt
57,0003/000058_albedo_2_1.png,0003/000058_normal_2_1.png,0003/000058_depth_2_1.png,0003/000058_mask_2_1.png,0003/000058_face_2_1.png,0003/000058_light_2_1.txt
58,0003/000045_albedo_1_1.png,0003/000045_normal_1_1.png,0003/000045_depth_1_1.png,0003/000045_mask_1_1.png,0003/000045_face_1_1.png,0003/000045_light_1_1.txt
59,0003/000051_albedo_1_5.png,0003/000051_normal_1_5.png,0003/000051_depth_1_5.png,0003/000051_mask_1_5.png,0003/000051_face_1_5.png,0003/000051_light_1_5.txt
60,0003/000060_albedo_1_4.png,0003/000060_normal_1_4.png,0003/000060_depth_1_4.png,0003/000060_mask_1_4.png,0003/000060_face_1_4.png,0003/000060_light_1_4.txt
61,0003/000046_albedo_3_2.png,0003/000046_normal_3_2.png,0003/000046_depth_3_2.png,0003/000046_mask_3_2.png,0003/000046_face_3_2.png,0003/000046_light_3_2.txt
62,0003/000043_albedo_1_2.png,0003/000043_normal_1_2.png,0003/000043_depth_1_2.png,0003/000043_mask_1_2.png,0003/000043_face_1_2.png,0003/000043_light_1_2.txt
63,0003/000044_albedo_1_1.png,0003/000044_normal_1_1.png,0003/000044_depth_1_1.png,0003/000044_mask_1_1.png,0003/000044_face_1_1.png,0003/000044_light_1_1.txt
64,0003/000042_albedo_1_4.png,0003/000042_normal_1_4.png,0003/000042_depth_1_4.png,0003/000042_mask_1_4.png,0003/000042_face_1_4.png,0003/000042_light_1_4.txt
65,0003/000044_albedo_3_5.png,0003/000044_normal_3_5.png,0003/000044_depth_3_5.png,0003/000044_mask_3_5.png,0003/000044_face_3_5.png,0003/000044_light_3_5.txt
66,0003/000053_albedo_2_4.png,0003/000053_normal_2_4.png,0003/000053_depth_2_4.png,0003/000053_mask_2_4.png,0003/000053_face_2_4.png,0003/000053_light_2_4.txt
67,0003/000053_albedo_3_3.png,0003/000053_normal_3_3.png,0003/000053_depth_3_3.png,0003/000053_mask_3_3.png,0003/000053_face_3_3.png,0003/000053_light_3_3.txt
68,0003/000041_albedo_2_5.png,0003/000041_normal_2_5.png,0003/000041_depth_2_5.png,0003/000041_mask_2_5.png,0003/000041_face_2_5.png,0003/000041_light_2_5.txt
69,0003/000047_albedo_3_2.png,0003/000047_normal_3_2.png,0003/000047_depth_3_2.png,0003/000047_mask_3_2.png,0003/000047_face_3_2.png,0003/000047_light_3_2.txt
70,0003/000054_albedo_3_4.png,0003/000054_normal_3_4.png,0003/000054_depth_3_4.png,0003/000054_mask_3_4.png,0003/000054_face_3_4.png,0003/000054_light_3_4.txt
71,0003/000050_albedo_1_2.png,0003/000050_normal_1_2.png,0003/000050_depth_1_2.png,0003/000050_mask_1_2.png,0003/000050_face_1_2.png,0003/000050_light_1_2.txt
72,0003/000043_albedo_2_4.png,0003/000043_normal_2_4.png,0003/000043_depth_2_4.png,0003/000043_mask_2_4.png,0003/000043_face_2_4.png,0003/000043_light_2_4.txt
73,0003/000045_albedo_3_4.png,0003/000045_normal_3_4.png,0003/000045_depth_3_4.png,0003/000045_mask_3_4.png,0003/000045_face_3_4.png,0003/000045_light_3_4.txt
74,0003/000059_albedo_3_1.png,0003/000059_normal_3_1.png,0003/000059_depth_3_1.png,0003/000059_mask_3_1.png,0003/000059_face_3_1.png,0003/000059_light_3_1.txt
75,0003/000043_albedo_3_2.png,0003/000043_normal_3_2.png,0003/000043_depth_3_2.png,0003/000043_mask_3_2.png,0003/000043_face_3_2.png,0003/000043_light_3_2.txt
76,0003/000057_albedo_2_2.png,0003/000057_normal_2_2.png,0003/000057_depth_2_2.png,0003/000057_mask_2_2.png,0003/000057_face_2_2.png,0003/000057_light_2_2.txt
77,0003/000051_albedo_2_1.png,0003/000051_normal_2_1.png,0003/000051_depth_2_1.png,0003/000051_mask_2_1.png,0003/000051_face_2_1.png,0003/000051_light_2_1.txt
78,0003/000055_albedo_2_4.png,0003/000055_normal_2_4.png,0003/000055_depth_2_4.png,0003/000055_mask_2_4.png,0003/000055_face_2_4.png,0003/000055_light_2_4.txt
79,0003/000044_albedo_2_4.png,0003/000044_normal_2_4.png,0003/000044_depth_2_4.png,0003/000044_mask_2_4.png,0003/000044_face_2_4.png,0003/000044_light_2_4.txt
80,0003/000060_albedo_2_3.png,0003/000060_normal_2_3.png,0003/000060_depth_2_3.png,0003/000060_mask_2_3.png,0003/000060_face_2_3.png,0003/000060_light_2_3.txt
81,0003/000042_albedo_3_2.png,0003/000042_normal_3_2.png,0003/000042_depth_3_2.png,0003/000042_mask_3_2.png,0003/000042_face_3_2.png,0003/000042_light_3_2.txt
82,0003/000054_albedo_2_1.png,0003/000054_normal_2_1.png,0003/000054_depth_2_1.png,0003/000054_mask_2_1.png,0003/000054_face_2_1.png,0003/000054_light_2_1.txt
83,0003/000054_albedo_2_3.png,0003/000054_normal_2_3.png,0003/000054_depth_2_3.png,0003/000054_mask_2_3.png,0003/000054_face_2_3.png,0003/000054_light_2_3.txt
84,0003/000045_albedo_1_5.png,0003/000045_normal_1_5.png,0003/000045_depth_1_5.png,0003/000045_mask_1_5.png,0003/000045_face_1_5.png,0003/000045_light_1_5.txt
85,0003/000046_albedo_1_5.png,0003/000046_normal_1_5.png,0003/000046_depth_1_5.png,0003/000046_mask_1_5.png,0003/000046_face_1_5.png,0003/000046_light_1_5.txt
86,0003/000050_albedo_2_2.png,0003/000050_normal_2_2.png,0003/000050_depth_2_2.png,0003/000050_mask_2_2.png,0003/000050_face_2_2.png,0003/000050_light_2_2.txt
87,0003/000051_albedo_1_3.png,0003/000051_normal_1_3.png,0003/000051_depth_1_3.png,0003/000051_mask_1_3.png,0003/000051_face_1_3.png,0003/000051_light_1_3.txt
88,0003/000056_albedo_3_5.png,0003/000056_normal_3_5.png,0003/000056_depth_3_5.png,0003/000056_mask_3_5.png,0003/000056_face_3_5.png,0003/000056_light_3_5.txt
89,0003/000057_albedo_1_3.png,0003/000057_normal_1_3.png,0003/000057_depth_1_3.png,0003/000057_mask_1_3.png,0003/000057_face_1_3.png,0003/000057_light_1_3.txt
90,0003/000051_albedo_2_2.png,0003/000051_normal_2_2.png,0003/000051_depth_2_2.png,0003/000051_mask_2_2.png,0003/000051_face_2_2.png,0003/000051_light_2_2.txt
91,0003/000046_albedo_2_3.png,0003/000046_normal_2_3.png,0003/000046_depth_2_3.png,0003/000046_mask_2_3.png,0003/000046_face_2_3.png,0003/000046_light_2_3.txt
92,0003/000058_albedo_3_3.png,0003/000058_normal_3_3.png,0003/000058_depth_3_3.png,0003/000058_mask_3_3.png,0003/000058_face_3_3.png,0003/000058_light_3_3.txt
93,0003/000060_albedo_2_5.png,0003/000060_normal_2_5.png,0003/000060_depth_2_5.png,0003/000060_mask_2_5.png,0003/000060_face_2_5.png,0003/000060_light_2_5.txt
94,0003/000060_albedo_1_2.png,0003/000060_normal_1_2.png,0003/000060_depth_1_2.png,0003/000060_mask_1_2.png,0003/000060_face_1_2.png,0003/000060_light_1_2.txt
95,0003/000060_albedo_1_1.png,0003/000060_normal_1_1.png,0003/000060_depth_1_1.png,0003/000060_mask_1_1.png,0003/000060_face_1_1.png,0003/000060_light_1_1.txt
96,0003/000047_albedo_3_4.png,0003/000047_normal_3_4.png,0003/000047_depth_3_4.png,0003/000047_mask_3_4.png,0003/000047_face_3_4.png,0003/000047_light_3_4.txt
97,0003/000041_albedo_3_2.png,0003/000041_normal_3_2.png,0003/000041_depth_3_2.png,0003/000041_mask_3_2.png,0003/000041_face_3_2.png,0003/000041_light_3_2.txt
98,0003/000056_albedo_2_4.png,0003/000056_normal_2_4.png,0003/000056_depth_2_4.png,0003/000056_mask_2_4.png,0003/000056_face_2_4.png,0003/000056_light_2_4.txt
99,0003/000056_albedo_2_5.png,0003/000056_normal_2_5.png,0003/000056_depth_2_5.png,0003/000056_mask_2_5.png,0003/000056_face_2_5.png,0003/000056_light_2_5.txt
100,0003/000050_albedo_3_2.png,0003/000050_normal_3_2.png,0003/000050_depth_3_2.png,0003/000050_mask_3_2.png,0003/000050_face_3_2.png,0003/000050_light_3_2.txt
101,0003/000051_albedo_2_5.png,0003/000051_normal_2_5.png,0003/000051_depth_2_5.png,0003/000051_mask_2_5.png,0003/000051_face_2_5.png,0003/000051_light_2_5.txt
102,0003/000047_albedo_1_3.png,0003/000047_normal_1_3.png,0003/000047_depth_1_3.png,0003/000047_mask_1_3.png,0003/000047_face_1_3.png,0003/000047_light_1_3.txt
103,0003/000058_albedo_3_2.png,0003/000058_normal_3_2.png,0003/000058_depth_3_2.png,0003/000058_mask_3_2.png,0003/000058_face_3_2.png,0003/000058_light_3_2.txt
104,0003/000044_albedo_1_5.png,0003/000044_normal_1_5.png,0003/000044_depth_1_5.png,0003/000044_mask_1_5.png,0003/000044_face_1_5.png,0003/000044_light_1_5.txt
105,0003/000053_albedo_3_1.png,0003/000053_normal_3_1.png,0003/000053_depth_3_1.png,0003/000053_mask_3_1.png,0003/000053_face_3_1.png,0003/000053_light_3_1.txt
106,0003/000041_albedo_1_4.png,0003/000041_normal_1_4.png,0003/000041_depth_1_4.png,0003/000041_mask_1_4.png,0003/000041_face_1_4.png,0003/000041_light_1_4.txt
107,0003/000060_albedo_1_5.png,0003/000060_normal_1_5.png,0003/000060_depth_1_5.png,0003/000060_mask_1_5.png,0003/000060_face_1_5.png,0003/000060_light_1_5.txt
108,0003/000042_albedo_1_3.png,0003/000042_normal_1_3.png,0003/000042_depth_1_3.png,0003/000042_mask_1_3.png,0003/000042_face_1_3.png,0003/000042_light_1_3.txt
109,0003/000049_albedo_2_2.png,0003/000049_normal_2_2.png,0003/000049_depth_2_2.png,0003/000049_mask_2_2.png,0003/000049_face_2_2.png,0003/000049_light_2_2.txt
110,0003/000055_albedo_3_3.png,0003/000055_normal_3_3.png,0003/000055_depth_3_3.png,0003/000055_mask_3_3.png,0003/000055_face_3_3.png,0003/000055_light_3_3.txt
111,0003/000044_albedo_1_4.png,0003/000044_normal_1_4.png,0003/000044_depth_1_4.png,0003/000044_mask_1_4.png,0003/000044_face_1_4.png,0003/000044_light_1_4.txt
112,0003/000059_albedo_2_5.png,0003/000059_normal_2_5.png,0003/000059_depth_2_5.png,0003/000059_mask_2_5.png,0003/000059_face_2_5.png,0003/000059_light_2_5.txt
113,0003/000049_albedo_1_2.png,0003/000049_normal_1_2.png,0003/000049_depth_1_2.png,0003/000049_mask_1_2.png,0003/000049_face_1_2.png,0003/000049_light_1_2.txt
114,0003/000056_albedo_1_2.png,0003/000056_normal_1_2.png,0003/000056_depth_1_2.png,0003/000056_mask_1_2.png,0003/000056_face_1_2.png,0003/000056_light_1_2.txt
115,0003/000058_albedo_2_2.png,0003/000058_normal_2_2.png,0003/000058_depth_2_2.png,0003/000058_mask_2_2.png,0003/000058_face_2_2.png,0003/000058_light_2_2.txt
116,0003/000060_albedo_2_4.png,0003/000060_normal_2_4.png,0003/000060_depth_2_4.png,0003/000060_mask_2_4.png,0003/000060_face_2_4.png,0003/000060_light_2_4.txt
117,0003/000050_albedo_2_1.png,0003/000050_normal_2_1.png,0003/000050_depth_2_1.png,0003/000050_mask_2_1.png,0003/000050_face_2_1.png,0003/000050_light_2_1.txt
118,0003/000058_albedo_1_5.png,0003/000058_normal_1_5.png,0003/000058_depth_1_5.png,0003/000058_mask_1_5.png,0003/000058_face_1_5.png,0003/000058_light_1_5.txt
119,0003/000048_albedo_2_4.png,0003/000048_normal_2_4.png,0003/000048_depth_2_4.png,0003/000048_mask_2_4.png,0003/000048_face_2_4.png,0003/000048_light_2_4.txt
120,0003/000042_albedo_1_1.png,0003/000042_normal_1_1.png,0003/000042_depth_1_1.png,0003/000042_mask_1_1.png,0003/000042_face_1_1.png,0003/000042_light_1_1.txt
121,0003/000044_albedo_3_1.png,0003/000044_normal_3_1.png,0003/000044_depth_3_1.png,0003/000044_mask_3_1.png,0003/000044_face_3_1.png,0003/000044_light_3_1.txt
122,0003/000050_albedo_1_1.png,0003/000050_normal_1_1.png,0003/000050_depth_1_1.png,0003/000050_mask_1_1.png,0003/000050_face_1_1.png,0003/000050_light_1_1.txt
123,0003/000044_albedo_2_2.png,0003/000044_normal_2_2.png,0003/000044_depth_2_2.png,0003/000044_mask_2_2.png,0003/000044_face_2_2.png,0003/000044_light_2_2.txt
124,0003/000052_albedo_2_3.png,0003/000052_normal_2_3.png,0003/000052_depth_2_3.png,0003/000052_mask_2_3.png,0003/000052_face_2_3.png,0003/000052_light_2_3.txt
125,0003/000043_albedo_1_1.png,0003/000043_normal_1_1.png,0003/000043_depth_1_1.png,0003/000043_mask_1_1.png,0003/000043_face_1_1.png,0003/000043_light_1_1.txt
126,0003/000041_albedo_2_1.png,0003/000041_normal_2_1.png,0003/000041_depth_2_1.png,0003/000041_mask_2_1.png,0003/000041_face_2_1.png,0003/000041_light_2_1.txt
127,0003/000047_albedo_2_5.png,0003/000047_normal_2_5.png,0003/000047_depth_2_5.png,0003/000047_mask_2_5.png,0003/000047_face_2_5.png,0003/000047_light_2_5.txt
128,0003/000048_albedo_3_5.png,0003/000048_normal_3_5.png,0003/000048_depth_3_5.png,0003/000048_mask_3_5.png,0003/000048_face_3_5.png,0003/000048_light_3_5.txt
129,0003/000042_albedo_3_5.png,0003/000042_normal_3_5.png,0003/000042_depth_3_5.png,0003/000042_mask_3_5.png,0003/000042_face_3_5.png,0003/000042_light_3_5.txt
130,0003/000053_albedo_1_3.png,0003/000053_normal_1_3.png,0003/000053_depth_1_3.png,0003/000053_mask_1_3.png,0003/000053_face_1_3.png,0003/000053_light_1_3.txt
131,0003/000058_albedo_2_3.png,0003/000058_normal_2_3.png,0003/000058_depth_2_3.png,0003/000058_mask_2_3.png,0003/000058_face_2_3.png,0003/000058_light_2_3.txt
132,0003/000049_albedo_1_4.png,0003/000049_normal_1_4.png,0003/000049_depth_1_4.png,0003/000049_mask_1_4.png,0003/000049_face_1_4.png,0003/000049_light_1_4.txt
133,0003/000043_albedo_2_2.png,0003/000043_normal_2_2.png,0003/000043_depth_2_2.png,0003/000043_mask_2_2.png,0003/000043_face_2_2.png,0003/000043_light_2_2.txt
134,0003/000051_albedo_3_5.png,0003/000051_normal_3_5.png,0003/000051_depth_3_5.png,0003/000051_mask_3_5.png,0003/000051_face_3_5.png,0003/000051_light_3_5.txt
135,0003/000041_albedo_1_1.png,0003/000041_normal_1_1.png,0003/000041_depth_1_1.png,0003/000041_mask_1_1.png,0003/000041_face_1_1.png,0003/000041_light_1_1.txt
136,0003/000048_albedo_1_4.png,0003/000048_normal_1_4.png,0003/000048_depth_1_4.png,0003/000048_mask_1_4.png,0003/000048_face_1_4.png,0003/000048_light_1_4.txt
137,0003/000058_albedo_1_1.png,0003/000058_normal_1_1.png,0003/000058_depth_1_1.png,0003/000058_mask_1_1.png,0003/000058_face_1_1.png,0003/000058_light_1_1.txt
138,0003/000047_albedo_2_3.png,0003/000047_normal_2_3.png,0003/000047_depth_2_3.png,0003/000047_mask_2_3.png,0003/000047_face_2_3.png,0003/000047_light_2_3.txt
139,0003/000043_albedo_2_3.png,0003/000043_normal_2_3.png,0003/000043_depth_2_3.png,0003/000043_mask_2_3.png,0003/000043_face_2_3.png,0003/000043_light_2_3.txt
140,0003/000054_albedo_2_4.png,0003/000054_normal_2_4.png,0003/000054_depth_2_4.png,0003/000054_mask_2_4.png,0003/000054_face_2_4.png,0003/000054_light_2_4.txt
141,0003/000058_albedo_3_4.png,0003/000058_normal_3_4.png,0003/000058_depth_3_4.png,0003/000058_mask_3_4.png,0003/000058_face_3_4.png,0003/000058_light_3_4.txt
142,0003/000059_albedo_3_2.png,0003/000059_normal_3_2.png,0003/000059_depth_3_2.png,0003/000059_mask_3_2.png,0003/000059_face_3_2.png,0003/000059_light_3_2.txt
143,0003/000043_albedo_3_5.png,0003/000043_normal_3_5.png,0003/000043_depth_3_5.png,0003/000043_mask_3_5.png,0003/000043_face_3_5.png,0003/000043_light_3_5.txt
144,0003/000043_albedo_3_4.png,0003/000043_normal_3_4.png,0003/000043_depth_3_4.png,0003/000043_mask_3_4.png,0003/000043_face_3_4.png,0003/000043_light_3_4.txt
145,0003/000053_albedo_1_4.png,0003/000053_normal_1_4.png,0003/000053_depth_1_4.png,0003/000053_mask_1_4.png,0003/000053_face_1_4.png,0003/000053_light_1_4.txt
146,0003/000048_albedo_3_2.png,0003/000048_normal_3_2.png,0003/000048_depth_3_2.png,0003/000048_mask_3_2.png,0003/000048_face_3_2.png,0003/000048_light_3_2.txt
147,0003/000055_albedo_1_1.png,0003/000055_normal_1_1.png,0003/000055_depth_1_1.png,0003/000055_mask_1_1.png,0003/000055_face_1_1.png,0003/000055_light_1_1.txt
148,0003/000045_albedo_2_5.png,0003/000045_normal_2_5.png,0003/000045_depth_2_5.png,0003/000045_mask_2_5.png,0003/000045_face_2_5.png,0003/000045_light_2_5.txt
149,0003/000051_albedo_3_4.png,0003/000051_normal_3_4.png,0003/000051_depth_3_4.png,0003/000051_mask_3_4.png,0003/000051_face_3_4.png,0003/000051_light_3_4.txt
150,0003/000056_albedo_2_3.png,0003/000056_normal_2_3.png,0003/000056_depth_2_3.png,0003/000056_mask_2_3.png,0003/000056_face_2_3.png,0003/000056_light_2_3.txt
151,0003/000042_albedo_1_2.png,0003/000042_normal_1_2.png,0003/000042_depth_1_2.png,0003/000042_mask_1_2.png,0003/000042_face_1_2.png,0003/000042_light_1_2.txt
152,0003/000050_albedo_2_3.png,0003/000050_normal_2_3.png,0003/000050_depth_2_3.png,0003/000050_mask_2_3.png,0003/000050_face_2_3.png,0003/000050_light_2_3.txt
153,0003/000042_albedo_2_3.png,0003/000042_normal_2_3.png,0003/000042_depth_2_3.png,0003/000042_mask_2_3.png,0003/000042_face_2_3.png,0003/000042_light_2_3.txt
154,0003/000059_albedo_1_1.png,0003/000059_normal_1_1.png,0003/000059_depth_1_1.png,0003/000059_mask_1_1.png,0003/000059_face_1_1.png,0003/000059_light_1_1.txt
155,0003/000054_albedo_2_5.png,0003/000054_normal_2_5.png,0003/000054_depth_2_5.png,0003/000054_mask_2_5.png,0003/000054_face_2_5.png,0003/000054_light_2_5.txt
156,0003/000055_albedo_3_1.png,0003/000055_normal_3_1.png,0003/000055_depth_3_1.png,0003/000055_mask_3_1.png,0003/000055_face_3_1.png,0003/000055_light_3_1.txt
157,0003/000053_albedo_3_5.png,0003/000053_normal_3_5.png,0003/000053_depth_3_5.png,0003/000053_mask_3_5.png,0003/000053_face_3_5.png,0003/000053_light_3_5.txt
158,0003/000049_albedo_3_4.png,0003/000049_normal_3_4.png,0003/000049_depth_3_4.png,0003/000049_mask_3_4.png,0003/000049_face_3_4.png,0003/000049_light_3_4.txt
159,0003/000060_albedo_2_1.png,0003/000060_normal_2_1.png,0003/000060_depth_2_1.png,0003/000060_mask_2_1.png,0003/000060_face_2_1.png,0003/000060_light_2_1.txt
160,0003/000050_albedo_3_4.png,0003/000050_normal_3_4.png,0003/000050_depth_3_4.png,0003/000050_mask_3_4.png,0003/000050_face_3_4.png,0003/000050_light_3_4.txt
161,0003/000045_albedo_1_3.png,0003/000045_normal_1_3.png,0003/000045_depth_1_3.png,0003/000045_mask_1_3.png,0003/000045_face_1_3.png,0003/000045_light_1_3.txt
162,0003/000048_albedo_3_4.png,0003/000048_normal_3_4.png,0003/000048_depth_3_4.png,0003/000048_mask_3_4.png,0003/000048_face_3_4.png,0003/000048_light_3_4.txt
163,0003/000056_albedo_3_2.png,0003/000056_normal_3_2.png,0003/000056_depth_3_2.png,0003/000056_mask_3_2.png,0003/000056_face_3_2.png,0003/000056_light_3_2.txt
164,0003/000049_albedo_2_5.png,0003/000049_normal_2_5.png,0003/000049_depth_2_5.png,0003/000049_mask_2_5.png,0003/000049_face_2_5.png,0003/000049_light_2_5.txt
165,0003/000059_albedo_1_5.png,0003/000059_normal_1_5.png,0003/000059_depth_1_5.png,0003/000059_mask_1_5.png,0003/000059_face_1_5.png,0003/000059_light_1_5.txt
166,0003/000042_albedo_1_5.png,0003/000042_normal_1_5.png,0003/000042_depth_1_5.png,0003/000042_mask_1_5.png,0003/000042_face_1_5.png,0003/000042_light_1_5.txt
167,0003/000050_albedo_1_3.png,0003/000050_normal_1_3.png,0003/000050_depth_1_3.png,0003/000050_mask_1_3.png,0003/000050_face_1_3.png,0003/000050_light_1_3.txt
168,0003/000055_albedo_1_5.png,0003/000055_normal_1_5.png,0003/000055_depth_1_5.png,0003/000055_mask_1_5.png,0003/000055_face_1_5.png,0003/000055_light_1_5.txt
169,0003/000054_albedo_3_2.png,0003/000054_normal_3_2.png,0003/000054_depth_3_2.png,0003/000054_mask_3_2.png,0003/000054_face_3_2.png,0003/000054_light_3_2.txt
170,0003/000046_albedo_2_5.png,0003/000046_normal_2_5.png,0003/000046_depth_2_5.png,0003/000046_mask_2_5.png,0003/000046_face_2_5.png,0003/000046_light_2_5.txt
171,0003/000057_albedo_3_4.png,0003/000057_normal_3_4.png,0003/000057_depth_3_4.png,0003/000057_mask_3_4.png,0003/000057_face_3_4.png,0003/000057_light_3_4.txt
172,0003/000058_albedo_3_1.png,0003/000058_normal_3_1.png,0003/000058_depth_3_1.png,0003/000058_mask_3_1.png,0003/000058_face_3_1.png,0003/000058_light_3_1.txt
173,0003/000049_albedo_2_3.png,0003/000049_normal_2_3.png,0003/000049_depth_2_3.png,0003/000049_mask_2_3.png,0003/000049_face_2_3.png,0003/000049_light_2_3.txt
174,0003/000059_albedo_1_4.png,0003/000059_normal_1_4.png,0003/000059_depth_1_4.png,0003/000059_mask_1_4.png,0003/000059_face_1_4.png,0003/000059_light_1_4.txt
175,0003/000056_albedo_1_5.png,0003/000056_normal_1_5.png,0003/000056_depth_1_5.png,0003/000056_mask_1_5.png,0003/000056_face_1_5.png,0003/000056_light_1_5.txt
176,0003/000057_albedo_3_5.png,0003/000057_normal_3_5.png,0003/000057_depth_3_5.png,0003/000057_mask_3_5.png,0003/000057_face_3_5.png,0003/000057_light_3_5.txt
177,0003/000048_albedo_2_5.png,0003/000048_normal_2_5.png,0003/000048_depth_2_5.png,0003/000048_mask_2_5.png,0003/000048_face_2_5.png,0003/000048_light_2_5.txt
178,0003/000044_albedo_1_3.png,0003/000044_normal_1_3.png,0003/000044_depth_1_3.png,0003/000044_mask_1_3.png,0003/000044_face_1_3.png,0003/000044_light_1_3.txt
179,0003/000049_albedo_1_1.png,0003/000049_normal_1_1.png,0003/000049_depth_1_1.png,0003/000049_mask_1_1.png,0003/000049_face_1_1.png,0003/000049_light_1_1.txt
180,0003/000047_albedo_3_1.png,0003/000047_normal_3_1.png,0003/000047_depth_3_1.png,0003/000047_mask_3_1.png,0003/000047_face_3_1.png,0003/000047_light_3_1.txt
181,0003/000041_albedo_3_4.png,0003/000041_normal_3_4.png,0003/000041_depth_3_4.png,0003/000041_mask_3_4.png,0003/000041_face_3_4.png,0003/000041_light_3_4.txt
182,0003/000056_albedo_2_2.png,0003/000056_normal_2_2.png,0003/000056_depth_2_2.png,0003/000056_mask_2_2.png,0003/000056_face_2_2.png,0003/000056_light_2_2.txt
183,0003/000058_albedo_2_5.png,0003/000058_normal_2_5.png,0003/000058_depth_2_5.png,0003/000058_mask_2_5.png,0003/000058_face_2_5.png,0003/000058_light_2_5.txt
184,0003/000057_albedo_1_5.png,0003/000057_normal_1_5.png,0003/000057_depth_1_5.png,0003/000057_mask_1_5.png,0003/000057_face_1_5.png,0003/000057_light_1_5.txt
185,0003/000049_albedo_2_4.png,0003/000049_normal_2_4.png,0003/000049_depth_2_4.png,0003/000049_mask_2_4.png,0003/000049_face_2_4.png,0003/000049_light_2_4.txt
186,0003/000060_albedo_3_2.png,0003/000060_normal_3_2.png,0003/000060_depth_3_2.png,0003/000060_mask_3_2.png,0003/000060_face_3_2.png,0003/000060_light_3_2.txt
187,0003/000052_albedo_1_3.png,0003/000052_normal_1_3.png,0003/000052_depth_1_3.png,0003/000052_mask_1_3.png,0003/000052_face_1_3.png,0003/000052_light_1_3.txt
188,0003/000058_albedo_2_4.png,0003/000058_normal_2_4.png,0003/000058_depth_2_4.png,0003/000058_mask_2_4.png,0003/000058_face_2_4.png,0003/000058_light_2_4.txt
189,0003/000046_albedo_3_5.png,0003/000046_normal_3_5.png,0003/000046_depth_3_5.png,0003/000046_mask_3_5.png,0003/000046_face_3_5.png,0003/000046_light_3_5.txt
190,0003/000047_albedo_2_2.png,0003/000047_normal_2_2.png,0003/000047_depth_2_2.png,0003/000047_mask_2_2.png,0003/000047_face_2_2.png,0003/000047_light_2_2.txt
191,0003/000059_albedo_1_2.png,0003/000059_normal_1_2.png,0003/000059_depth_1_2.png,0003/000059_mask_1_2.png,0003/000059_face_1_2.png,0003/000059_light_1_2.txt
192,0003/000041_albedo_3_1.png,0003/000041_normal_3_1.png,0003/000041_depth_3_1.png,0003/000041_mask_3_1.png,0003/000041_face_3_1.png,0003/000041_light_3_1.txt
193,0003/000045_albedo_1_4.png,0003/000045_normal_1_4.png,0003/000045_depth_1_4.png,0003/000045_mask_1_4.png,0003/000045_face_1_4.png,0003/000045_light_1_4.txt
194,0003/000052_albedo_1_4.png,0003/000052_normal_1_4.png,0003/000052_depth_1_4.png,0003/000052_mask_1_4.png,0003/000052_face_1_4.png,0003/000052_light_1_4.txt
195,0003/000045_albedo_3_5.png,0003/000045_normal_3_5.png,0003/000045_depth_3_5.png,0003/000045_mask_3_5.png,0003/000045_face_3_5.png,0003/000045_light_3_5.txt
196,0003/000054_albedo_3_5.png,0003/000054_normal_3_5.png,0003/000054_depth_3_5.png,0003/000054_mask_3_5.png,0003/000054_face_3_5.png,0003/000054_light_3_5.txt
197,0003/000042_albedo_3_3.png,0003/000042_normal_3_3.png,0003/000042_depth_3_3.png,0003/000042_mask_3_3.png,0003/000042_face_3_3.png,0003/000042_light_3_3.txt
198,0003/000053_albedo_3_2.png,0003/000053_normal_3_2.png,0003/000053_depth_3_2.png,0003/000053_mask_3_2.png,0003/000053_face_3_2.png,0003/000053_light_3_2.txt
199,0003/000041_albedo_2_4.png,0003/000041_normal_2_4.png,0003/000041_depth_2_4.png,0003/000041_mask_2_4.png,0003/000041_face_2_4.png,0003/000041_light_2_4.txt
200,0003/000059_albedo_3_4.png,0003/000059_normal_3_4.png,0003/000059_depth_3_4.png,0003/000059_mask_3_4.png,0003/000059_face_3_4.png,0003/000059_light_3_4.txt
201,0003/000043_albedo_2_1.png,0003/000043_normal_2_1.png,0003/000043_depth_2_1.png,0003/000043_mask_2_1.png,0003/000043_face_2_1.png,0003/000043_light_2_1.txt
202,0003/000059_albedo_3_5.png,0003/000059_normal_3_5.png,0003/000059_depth_3_5.png,0003/000059_mask_3_5.png,0003/000059_face_3_5.png,0003/000059_light_3_5.txt
203,0003/000047_albedo_2_4.png,0003/000047_normal_2_4.png,0003/000047_depth_2_4.png,0003/000047_mask_2_4.png,0003/000047_face_2_4.png,0003/000047_light_2_4.txt
204,0003/000051_albedo_1_1.png,0003/000051_normal_1_1.png,0003/000051_depth_1_1.png,0003/000051_mask_1_1.png,0003/000051_face_1_1.png,0003/000051_light_1_1.txt
205,0003/000056_albedo_1_3.png,0003/000056_normal_1_3.png,0003/000056_depth_1_3.png,0003/000056_mask_1_3.png,0003/000056_face_1_3.png,0003/000056_light_1_3.txt
206,0003/000047_albedo_1_4.png,0003/000047_normal_1_4.png,0003/000047_depth_1_4.png,0003/000047_mask_1_4.png,0003/000047_face_1_4.png,0003/000047_light_1_4.txt
207,0003/000044_albedo_3_3.png,0003/000044_normal_3_3.png,0003/000044_depth_3_3.png,0003/000044_mask_3_3.png,0003/000044_face_3_3.png,0003/000044_light_3_3.txt
208,0003/000045_albedo_1_2.png,0003/000045_normal_1_2.png,0003/000045_depth_1_2.png,0003/000045_mask_1_2.png,0003/000045_face_1_2.png,0003/000045_light_1_2.txt
209,0003/000051_albedo_2_4.png,0003/000051_normal_2_4.png,0003/000051_depth_2_4.png,0003/000051_mask_2_4.png,0003/000051_face_2_4.png,0003/000051_light_2_4.txt
210,0003/000053_albedo_2_2.png,0003/000053_normal_2_2.png,0003/000053_depth_2_2.png,0003/000053_mask_2_2.png,0003/000053_face_2_2.png,0003/000053_light_2_2.txt
211,0003/000053_albedo_1_5.png,0003/000053_normal_1_5.png,0003/000053_depth_1_5.png,0003/000053_mask_1_5.png,0003/000053_face_1_5.png,0003/000053_light_1_5.txt
212,0003/000056_albedo_1_1.png,0003/000056_normal_1_1.png,0003/000056_depth_1_1.png,0003/000056_mask_1_1.png,0003/000056_face_1_1.png,0003/000056_light_1_1.txt
213,0003/000045_albedo_3_2.png,0003/000045_normal_3_2.png,0003/000045_depth_3_2.png,0003/000045_mask_3_2.png,0003/000045_face_3_2.png,0003/000045_light_3_2.txt
214,0003/000053_albedo_1_2.png,0003/000053_normal_1_2.png,0003/000053_depth_1_2.png,0003/000053_mask_1_2.png,0003/000053_face_1_2.png,0003/000053_light_1_2.txt
215,0003/000057_albedo_1_1.png,0003/000057_normal_1_1.png,0003/000057_depth_1_1.png,0003/000057_mask_1_1.png,0003/000057_face_1_1.png,0003/000057_light_1_1.txt
216,0003/000045_albedo_3_1.png,0003/000045_normal_3_1.png,0003/000045_depth_3_1.png,0003/000045_mask_3_1.png,0003/000045_face_3_1.png,0003/000045_light_3_1.txt
217,0003/000046_albedo_1_2.png,0003/000046_normal_1_2.png,0003/000046_depth_1_2.png,0003/000046_mask_1_2.png,0003/000046_face_1_2.png,0003/000046_light_1_2.txt
218,0003/000041_albedo_3_3.png,0003/000041_normal_3_3.png,0003/000041_depth_3_3.png,0003/000041_mask_3_3.png,0003/000041_face_3_3.png,0003/000041_light_3_3.txt
219,0003/000042_albedo_2_5.png,0003/000042_normal_2_5.png,0003/000042_depth_2_5.png,0003/000042_mask_2_5.png,0003/000042_face_2_5.png,0003/000042_light_2_5.txt
220,0003/000043_albedo_2_5.png,0003/000043_normal_2_5.png,0003/000043_depth_2_5.png,0003/000043_mask_2_5.png,0003/000043_face_2_5.png,0003/000043_light_2_5.txt
221,0003/000048_albedo_1_2.png,0003/000048_normal_1_2.png,0003/000048_depth_1_2.png,0003/000048_mask_1_2.png,0003/000048_face_1_2.png,0003/000048_light_1_2.txt
222,0003/000048_albedo_1_3.png,0003/000048_normal_1_3.png,0003/000048_depth_1_3.png,0003/000048_mask_1_3.png,0003/000048_face_1_3.png,0003/000048_light_1_3.txt
223,0003/000055_albedo_1_2.png,0003/000055_normal_1_2.png,0003/000055_depth_1_2.png,0003/000055_mask_1_2.png,0003/000055_face_1_2.png,0003/000055_light_1_2.txt
224,0003/000045_albedo_3_3.png,0003/000045_normal_3_3.png,0003/000045_depth_3_3.png,0003/000045_mask_3_3.png,0003/000045_face_3_3.png,0003/000045_light_3_3.txt
225,0003/000052_albedo_2_5.png,0003/000052_normal_2_5.png,0003/000052_depth_2_5.png,0003/000052_mask_2_5.png,0003/000052_face_2_5.png,0003/000052_light_2_5.txt
226,0003/000044_albedo_3_4.png,0003/000044_normal_3_4.png,0003/000044_depth_3_4.png,0003/000044_mask_3_4.png,0003/000044_face_3_4.png,0003/000044_light_3_4.txt
227,0003/000055_albedo_2_2.png,0003/000055_normal_2_2.png,0003/000055_depth_2_2.png,0003/000055_mask_2_2.png,0003/000055_face_2_2.png,0003/000055_light_2_2.txt
228,0003/000041_albedo_3_5.png,0003/000041_normal_3_5.png,0003/000041_depth_3_5.png,0003/000041_mask_3_5.png,0003/000041_face_3_5.png,0003/000041_light_3_5.txt
229,0003/000050_albedo_3_5.png,0003/000050_normal_3_5.png,0003/000050_depth_3_5.png,0003/000050_mask_3_5.png,0003/000050_face_3_5.png,0003/000050_light_3_5.txt
230,0003/000056_albedo_2_1.png,0003/000056_normal_2_1.png,0003/000056_depth_2_1.png,0003/000056_mask_2_1.png,0003/000056_face_2_1.png,0003/000056_light_2_1.txt
231,0003/000057_albedo_3_3.png,0003/000057_normal_3_3.png,0003/000057_depth_3_3.png,0003/000057_mask_3_3.png,0003/000057_face_3_3.png,0003/000057_light_3_3.txt
232,0003/000060_albedo_1_3.png,0003/000060_normal_1_3.png,0003/000060_depth_1_3.png,0003/000060_mask_1_3.png,0003/000060_face_1_3.png,0003/000060_light_1_3.txt
233,0003/000059_albedo_2_2.png,0003/000059_normal_2_2.png,0003/000059_depth_2_2.png,0003/000059_mask_2_2.png,0003/000059_face_2_2.png,0003/000059_light_2_2.txt
234,0003/000052_albedo_2_4.png,0003/000052_normal_2_4.png,0003/000052_depth_2_4.png,0003/000052_mask_2_4.png,0003/000052_face_2_4.png,0003/000052_light_2_4.txt
235,0003/000052_albedo_3_2.png,0003/000052_normal_3_2.png,0003/000052_depth_3_2.png,0003/000052_mask_3_2.png,0003/000052_face_3_2.png,0003/000052_light_3_2.txt
236,0003/000054_albedo_3_3.png,0003/000054_normal_3_3.png,0003/000054_depth_3_3.png,0003/000054_mask_3_3.png,0003/000054_face_3_3.png,0003/000054_light_3_3.txt
237,0003/000043_albedo_1_3.png,0003/000043_normal_1_3.png,0003/000043_depth_1_3.png,0003/000043_mask_1_3.png,0003/000043_face_1_3.png,0003/000043_light_1_3.txt
238,0003/000046_albedo_2_4.png,0003/000046_normal_2_4.png,0003/000046_depth_2_4.png,0003/000046_mask_2_4.png,0003/000046_face_2_4.png,0003/000046_light_2_4.txt
239,0003/000050_albedo_1_4.png,0003/000050_normal_1_4.png,0003/000050_depth_1_4.png,0003/000050_mask_1_4.png,0003/000050_face_1_4.png,0003/000050_light_1_4.txt
240,0003/000059_albedo_2_3.png,0003/000059_normal_2_3.png,0003/000059_depth_2_3.png,0003/000059_mask_2_3.png,0003/000059_face_2_3.png,0003/000059_light_2_3.txt
241,0003/000057_albedo_3_2.png,0003/000057_normal_3_2.png,0003/000057_depth_3_2.png,0003/000057_mask_3_2.png,0003/000057_face_3_2.png,0003/000057_light_3_2.txt
242,0003/000043_albedo_1_4.png,0003/000043_normal_1_4.png,0003/000043_depth_1_4.png,0003/000043_mask_1_4.png,0003/000043_face_1_4.png,0003/000043_light_1_4.txt
243,0003/000047_albedo_3_3.png,0003/000047_normal_3_3.png,0003/000047_depth_3_3.png,0003/000047_mask_3_3.png,0003/000047_face_3_3.png,0003/000047_light_3_3.txt
244,0003/000054_albedo_1_5.png,0003/000054_normal_1_5.png,0003/000054_depth_1_5.png,0003/000054_mask_1_5.png,0003/000054_face_1_5.png,0003/000054_light_1_5.txt
245,0003/000050_albedo_3_3.png,0003/000050_normal_3_3.png,0003/000050_depth_3_3.png,0003/000050_mask_3_3.png,0003/000050_face_3_3.png,0003/000050_light_3_3.txt
246,0003/000053_albedo_1_1.png,0003/000053_normal_1_1.png,0003/000053_depth_1_1.png,0003/000053_mask_1_1.png,0003/000053_face_1_1.png,0003/000053_light_1_1.txt
247,0003/000057_albedo_1_2.png,0003/000057_normal_1_2.png,0003/000057_depth_1_2.png,0003/000057_mask_1_2.png,0003/000057_face_1_2.png,0003/000057_light_1_2.txt
248,0003/000049_albedo_1_3.png,0003/000049_normal_1_3.png,0003/000049_depth_1_3.png,0003/000049_mask_1_3.png,0003/000049_face_1_3.png,0003/000049_light_1_3.txt
249,0003/000051_albedo_1_2.png,0003/000051_normal_1_2.png,0003/000051_depth_1_2.png,0003/000051_mask_1_2.png,0003/000051_face_1_2.png,0003/000051_light_1_2.txt
250,0003/000048_albedo_2_2.png,0003/000048_normal_2_2.png,0003/000048_depth_2_2.png,0003/000048_mask_2_2.png,0003/000048_face_2_2.png,0003/000048_light_2_2.txt
251,0003/000057_albedo_3_1.png,0003/000057_normal_3_1.png,0003/000057_depth_3_1.png,0003/000057_mask_3_1.png,0003/000057_face_3_1.png,0003/000057_light_3_1.txt
252,0003/000055_albedo_2_3.png,0003/000055_normal_2_3.png,0003/000055_depth_2_3.png,0003/000055_mask_2_3.png,0003/000055_face_2_3.png,0003/000055_light_2_3.txt
253,0003/000045_albedo_2_3.png,0003/000045_normal_2_3.png,0003/000045_depth_2_3.png,0003/000045_mask_2_3.png,0003/000045_face_2_3.png,0003/000045_light_2_3.txt
254,0003/000053_albedo_2_3.png,0003/000053_normal_2_3.png,0003/000053_depth_2_3.png,0003/000053_mask_2_3.png,0003/000053_face_2_3.png,0003/000053_light_2_3.txt
255,0003/000060_albedo_3_4.png,0003/000060_normal_3_4.png,0003/000060_depth_3_4.png,0003/000060_mask_3_4.png,0003/000060_face_3_4.png,0003/000060_light_3_4.txt
256,0003/000041_albedo_2_3.png,0003/000041_normal_2_3.png,0003/000041_depth_2_3.png,0003/000041_mask_2_3.png,0003/000041_face_2_3.png,0003/000041_light_2_3.txt
257,0003/000056_albedo_1_4.png,0003/000056_normal_1_4.png,0003/000056_depth_1_4.png,0003/000056_mask_1_4.png,0003/000056_face_1_4.png,0003/000056_light_1_4.txt
258,0003/000052_albedo_3_1.png,0003/000052_normal_3_1.png,0003/000052_depth_3_1.png,0003/000052_mask_3_1.png,0003/000052_face_3_1.png,0003/000052_light_3_1.txt
259,0003/000041_albedo_1_3.png,0003/000041_normal_1_3.png,0003/000041_depth_1_3.png,0003/000041_mask_1_3.png,0003/000041_face_1_3.png,0003/000041_light_1_3.txt
260,0003/000051_albedo_2_3.png,0003/000051_normal_2_3.png,0003/000051_depth_2_3.png,0003/000051_mask_2_3.png,0003/000051_face_2_3.png,0003/000051_light_2_3.txt
261,0003/000052_albedo_1_5.png,0003/000052_normal_1_5.png,0003/000052_depth_1_5.png,0003/000052_mask_1_5.png,0003/000052_face_1_5.png,0003/000052_light_1_5.txt
262,0003/000057_albedo_2_4.png,0003/000057_normal_2_4.png,0003/000057_depth_2_4.png,0003/000057_mask_2_4.png,0003/000057_face_2_4.png,0003/000057_light_2_4.txt
263,0003/000057_albedo_2_1.png,0003/000057_normal_2_1.png,0003/000057_depth_2_1.png,0003/000057_mask_2_1.png,0003/000057_face_2_1.png,0003/000057_light_2_1.txt
264,0003/000058_albedo_1_2.png,0003/000058_normal_1_2.png,0003/000058_depth_1_2.png,0003/000058_mask_1_2.png,0003/000058_face_1_2.png,0003/000058_light_1_2.txt
265,0003/000052_albedo_3_5.png,0003/000052_normal_3_5.png,0003/000052_depth_3_5.png,0003/000052_mask_3_5.png,0003/000052_face_3_5.png,0003/000052_light_3_5.txt
266,0003/000048_albedo_2_1.png,0003/000048_normal_2_1.png,0003/000048_depth_2_1.png,0003/000048_mask_2_1.png,0003/000048_face_2_1.png,0003/000048_light_2_1.txt
267,0003/000046_albedo_3_1.png,0003/000046_normal_3_1.png,0003/000046_depth_3_1.png,0003/000046_mask_3_1.png,0003/000046_face_3_1.png,0003/000046_light_3_1.txt
268,0003/000046_albedo_1_3.png,0003/000046_normal_1_3.png,0003/000046_depth_1_3.png,0003/000046_mask_1_3.png,0003/000046_face_1_3.png,0003/000046_light_1_3.txt
269,0003/000052_albedo_1_2.png,0003/000052_normal_1_2.png,0003/000052_depth_1_2.png,0003/000052_mask_1_2.png,0003/000052_face_1_2.png,0003/000052_light_1_2.txt
270,0003/000056_albedo_3_1.png,0003/000056_normal_3_1.png,0003/000056_depth_3_1.png,0003/000056_mask_3_1.png,0003/000056_face_3_1.png,0003/000056_light_3_1.txt
271,0003/000045_albedo_2_2.png,0003/000045_normal_2_2.png,0003/000045_depth_2_2.png,0003/000045_mask_2_2.png,0003/000045_face_2_2.png,0003/000045_light_2_2.txt
272,0003/000059_albedo_3_3.png,0003/000059_normal_3_3.png,0003/000059_depth_3_3.png,0003/000059_mask_3_3.png,0003/000059_face_3_3.png,0003/000059_light_3_3.txt
273,0003/000043_albedo_3_3.png,0003/000043_normal_3_3.png,0003/000043_depth_3_3.png,0003/000043_mask_3_3.png,0003/000043_face_3_3.png,0003/000043_light_3_3.txt
274,0003/000060_albedo_3_1.png,0003/000060_normal_3_1.png,0003/000060_depth_3_1.png,0003/000060_mask_3_1.png,0003/000060_face_3_1.png,0003/000060_light_3_1.txt
275,0003/000046_albedo_1_1.png,0003/000046_normal_1_1.png,0003/000046_depth_1_1.png,0003/000046_mask_1_1.png,0003/000046_face_1_1.png,0003/000046_light_1_1.txt
276,0003/000041_albedo_1_2.png,0003/000041_normal_1_2.png,0003/000041_depth_1_2.png,0003/000041_mask_1_2.png,0003/000041_face_1_2.png,0003/000041_light_1_2.txt
277,0003/000042_albedo_2_2.png,0003/000042_normal_2_2.png,0003/000042_depth_2_2.png,0003/000042_mask_2_2.png,0003/000042_face_2_2.png,0003/000042_light_2_2.txt
278,0003/000059_albedo_1_3.png,0003/000059_normal_1_3.png,0003/000059_depth_1_3.png,0003/000059_mask_1_3.png,0003/000059_face_1_3.png,0003/000059_light_1_3.txt
279,0003/000056_albedo_3_3.png,0003/000056_normal_3_3.png,0003/000056_depth_3_3.png,0003/000056_mask_3_3.png,0003/000056_face_3_3.png,0003/000056_light_3_3.txt
280,0003/000052_albedo_3_4.png,0003/000052_normal_3_4.png,0003/000052_depth_3_4.png,0003/000052_mask_3_4.png,0003/000052_face_3_4.png,0003/000052_light_3_4.txt
281,0003/000049_albedo_3_5.png,0003/000049_normal_3_5.png,0003/000049_depth_3_5.png,0003/000049_mask_3_5.png,0003/000049_face_3_5.png,0003/000049_light_3_5.txt
282,0003/000054_albedo_1_4.png,0003/000054_normal_1_4.png,0003/000054_depth_1_4.png,0003/000054_mask_1_4.png,0003/000054_face_1_4.png,0003/000054_light_1_4.txt
283,0003/000057_albedo_2_5.png,0003/000057_normal_2_5.png,0003/000057_depth_2_5.png,0003/000057_mask_2_5.png,0003/000057_face_2_5.png,0003/000057_light_2_5.txt
284,0003/000048_albedo_3_3.png,0003/000048_normal_3_3.png,0003/000048_depth_3_3.png,0003/000048_mask_3_3.png,0003/000048_face_3_3.png,0003/000048_light_3_3.txt
285,0003/000059_albedo_2_4.png,0003/000059_normal_2_4.png,0003/000059_depth_2_4.png,0003/000059_mask_2_4.png,0003/000059_face_2_4.png,0003/000059_light_2_4.txt
286,0003/000057_albedo_1_4.png,0003/000057_normal_1_4.png,0003/000057_depth_1_4.png,0003/000057_mask_1_4.png,0003/000057_face_1_4.png,0003/000057_light_1_4.txt
287,0003/000058_albedo_1_4.png,0003/000058_normal_1_4.png,0003/000058_depth_1_4.png,0003/000058_mask_1_4.png,0003/000058_face_1_4.png,0003/000058_light_1_4.txt
288,0003/000048_albedo_2_3.png,0003/000048_normal_2_3.png,0003/000048_depth_2_3.png,0003/000048_mask_2_3.png,0003/000048_face_2_3.png,0003/000048_light_2_3.txt
289,0003/000051_albedo_3_3.png,0003/000051_normal_3_3.png,0003/000051_depth_3_3.png,0003/000051_mask_3_3.png,0003/000051_face_3_3.png,0003/000051_light_3_3.txt
290,0003/000050_albedo_1_5.png,0003/000050_normal_1_5.png,0003/000050_depth_1_5.png,0003/000050_mask_1_5.png,0003/000050_face_1_5.png,0003/000050_light_1_5.txt
291,0003/000043_albedo_1_5.png,0003/000043_normal_1_5.png,0003/000043_depth_1_5.png,0003/000043_mask_1_5.png,0003/000043_face_1_5.png,0003/000043_light_1_5.txt
292,0003/000044_albedo_2_3.png,0003/000044_normal_2_3.png,0003/000044_depth_2_3.png,0003/000044_mask_2_3.png,0003/000044_face_2_3.png,0003/000044_light_2_3.txt
293,0003/000041_albedo_2_2.png,0003/000041_normal_2_2.png,0003/000041_depth_2_2.png,0003/000041_mask_2_2.png,0003/000041_face_2_2.png,0003/000041_light_2_2.txt
294,0003/000051_albedo_3_2.png,0003/000051_normal_3_2.png,0003/000051_depth_3_2.png,0003/000051_mask_3_2.png,0003/000051_face_3_2.png,0003/000051_light_3_2.txt
295,0003/000054_albedo_1_1.png,0003/000054_normal_1_1.png,0003/000054_depth_1_1.png,0003/000054_mask_1_1.png,0003/000054_face_1_1.png,0003/000054_light_1_1.txt
296,0003/000055_albedo_3_4.png,0003/000055_normal_3_4.png,0003/000055_depth_3_4.png,0003/000055_mask_3_4.png,0003/000055_face_3_4.png,0003/000055_light_3_4.txt
297,0003/000044_albedo_1_2.png,0003/000044_normal_1_2.png,0003/000044_depth_1_2.png,0003/000044_mask_1_2.png,0003/000044_face_1_2.png,0003/000044_light_1_2.txt
298,0003/000059_albedo_2_1.png,0003/000059_normal_2_1.png,0003/000059_depth_2_1.png,0003/000059_mask_2_1.png,0003/000059_face_2_1.png,0003/000059_light_2_1.txt
299,0003/000055_albedo_1_3.png,0003/000055_normal_1_3.png,0003/000055_depth_1_3.png,0003/000055_mask_1_3.png,0003/000055_face_1_3.png,0003/000055_light_1_3.txt
